User Location,Unnamed: 0,Unnamed: 0.1,Datetime,Tweet Id,Text,Username,Reply Count,Retweet Count,Like Count,Quote Count
 Bham,1,1,1,1,1,1,1,1,1,1
 CA,1,1,1,1,1,1,1,1,1,1
 Chicagoland,1,1,1,1,1,1,1,1,1,1
 Mississippi,1,1,1,1,1,1,1,1,1,1
" Tennessee , USA ",1,1,1,1,1,1,1,1,1,1
 USA,1,1,1,1,1,1,1,1,1,1
 Wilderness of Mirrors,1,1,1,1,1,1,1,1,1,1
#BestDressedManonTV,1,1,1,1,1,1,1,1,1,1
#ConvictTrump  - Resist ,2,2,2,2,2,2,2,2,2,2
#Florida #FBRüåä,1,1,1,1,1,1,1,1,1,1
#ny19 #ny51 #ny101,1,1,1,1,1,1,1,1,1,1
#theGS Lounge & Resort,1,1,1,1,1,1,1,1,1,1
"#√ü≈î≈ê≈É–ñ, #Œ∑—îœâ—ÉœÉ—è–∫",1,1,1,1,1,1,1,1,1,1
.,1,1,1,1,1,1,1,1,1,1
225  Louisiana ,1,1,1,1,1,1,1,1,1,1
30.29702 -87.01172,1,1,1,1,1,1,1,1,1,1
"43.6667¬∞ N, 70.2667¬∞ W",1,1,1,1,1,1,1,1,1,1
"431 N State St, Jackson, MS",2,2,2,2,2,2,2,2,2,2
4Pillars: #BTC #ETH #LINK #LTC,1,1,1,1,1,1,1,1,1,1
615,1,1,1,1,1,1,1,1,1,1
A Florida State of Mind!,1,1,1,1,1,1,1,1,1,1
A deep red state,1,1,1,1,1,1,1,1,1,1
A station near you,2,2,2,2,2,2,2,2,2,2
ALBUQUERQUE ,1,1,1,1,1,1,1,1,1,1
ATL ‚úàÔ∏è MS. ,1,1,1,1,1,1,1,1,1,1
AZ,1,1,1,1,1,1,1,1,1,1
"AZ, Vaxie Nation",1,1,1,1,1,1,1,1,1,1
Acjachemen Nation,1,1,1,1,1,1,1,1,1,1
Akimel O‚Äôodham & Pee Posh land,1,1,1,1,1,1,1,1,1,1
"Al Salmiyah, Kuwait",1,1,1,1,1,1,1,1,1,1
Alabama,2,2,2,2,2,2,2,2,2,2
"Alabama, USA",5,5,5,5,5,5,5,5,5,5
"Alabama, and sometimes DC",1,1,1,1,1,1,1,1,1,1
Alabamastan,1,1,1,1,1,1,1,1,1,1
Alaska,1,1,1,1,1,1,1,1,1,1
"Albuquerque, NM",1,1,1,1,1,1,1,1,1,1
Alexandria,1,1,1,1,1,1,1,1,1,1
Altitude: 300 meters,1,1,1,1,1,1,1,1,1,1
America,2,2,2,2,2,2,2,2,2,2
Amerika Birle≈üik Devletleri,1,1,1,1,1,1,1,1,1,1
"Amory, MS, USA",4,4,4,4,4,4,4,4,4,4
"Anchorage, AK",1,1,1,1,1,1,1,1,1,1
Anchoring Social Media Network News ~ world news ~ good news ~ advance news for tomorrow.,1,1,1,1,1,1,1,1,1,1
"Anglemont, BC, Canada",1,1,1,1,1,1,1,1,1,1
"Ann Arbor, MI",2,2,2,2,2,2,2,2,2,2
"Anoka, MN",1,1,1,1,1,1,1,1,1,1
Anywhere Diverseüåé,1,1,1,1,1,1,1,1,1,1
"Apple Valley, MN",1,1,1,1,1,1,1,1,1,1
Arizona,1,1,1,1,1,1,1,1,1,1
"Arizona, USA",2,2,2,2,2,2,2,2,2,2
"Arkansas, USA",1,1,1,1,1,1,1,1,1,1
Arkanstan-Gilead,1,1,1,1,1,1,1,1,1,1
Arlington VA (DC Area),1,1,1,1,1,1,1,1,1,1
"Arlington, TX",1,1,1,1,1,1,1,1,1,1
"Arlington, VA | New York, NY",2,2,2,2,2,2,2,2,2,2
Around The Barrel .,1,1,1,1,1,1,1,1,1,1
Around the Way,1,1,1,1,1,1,1,1,1,1
"Asheville, NC",2,2,2,2,2,2,2,2,2,2
"Asheville, North Carolina",1,1,1,1,1,1,1,1,1,1
"Athens, AL",2,2,2,2,2,2,2,2,2,2
"Athens, GA",1,1,1,1,1,1,1,1,1,1
Atlanta GA,1,1,1,1,1,1,1,1,1,1
"Atlanta, DC, NYC",1,1,1,1,1,1,1,1,1,1
"Atlanta, GA",25,25,25,25,25,25,25,25,25,25
"Atlanta, GA ",2,2,2,2,2,2,2,2,2,2
"Atlanta, Georgia",1,1,1,1,1,1,1,1,1,1
"Atlanta, Memphis, and Jackson",1,1,1,1,1,1,1,1,1,1
"Aurora, USA",1,1,1,1,1,1,1,1,1,1
"Austin, TX",11,11,11,11,11,11,11,11,11,11
"Austin, Texas",6,6,6,6,6,6,6,6,6,6
Australia,3,3,3,3,3,3,3,3,3,3
"Avon, Indiana",1,1,1,1,1,1,1,1,1,1
Awakening,1,1,1,1,1,1,1,1,1,1
Back in Mississippi,1,1,1,1,1,1,1,1,1,1
Baltimore,1,1,1,1,1,1,1,1,1,1
"Baltimore, MD",7,7,7,7,7,7,7,7,7,7
"Baltimore, MD 12 yrs",1,1,1,1,1,1,1,1,1,1
"Baltimore, Md.",1,1,1,1,1,1,1,1,1,1
Bangalore,2,2,2,2,2,2,2,2,2,2
Bangladesh,2,2,2,2,2,2,2,2,2,2
Based in  NYC,1,1,1,1,1,1,1,1,1,1
"Baton Rouge, LA",1,1,1,1,1,1,1,1,1,1
"Beach Park, Illinois USA",1,1,1,1,1,1,1,1,1,1
Beach tweeting,1,1,1,1,1,1,1,1,1,1
Beale Street to CO-03,1,1,1,1,1,1,1,1,1,1
Beautiful Michigan,1,1,1,1,1,1,1,1,1,1
"Bellevue, NE",1,1,1,1,1,1,1,1,1,1
Belly of The Beast,1,1,1,1,1,1,1,1,1,1
"Bend, OR",1,1,1,1,1,1,1,1,1,1
"Benicia, CA",1,1,1,1,1,1,1,1,1,1
"Berkeley, CA",1,1,1,1,1,1,1,1,1,1
"Bethlehem, Pa.",1,1,1,1,1,1,1,1,1,1
Between Two Newfoundlands,1,1,1,1,1,1,1,1,1,1
"Beverly Hills, CA",1,1,1,1,1,1,1,1,1,1
"Bexley, OH",1,1,1,1,1,1,1,1,1,1
Beyond known Space,1,1,1,1,1,1,1,1,1,1
"Big Apple üçé, Great Satan üòà",2,2,2,2,2,2,2,2,2,2
"Biloxi, MS",2,2,2,2,2,2,2,2,2,2
"Biloxi, MS ",16,16,16,16,16,16,16,16,16,16
"Biloxi, Mississippi",1,1,1,1,1,1,1,1,1,1
"Biloxi, Ms",2,2,2,2,2,2,2,2,2,2
"Birmingham, AL",9,9,9,9,9,9,9,9,9,9
"Birmingham, Alabama",3,3,3,3,3,3,3,3,3,3
"Black,22",1,1,1,1,1,1,1,1,1,1
"Blue City, Red State, USA",1,1,1,1,1,1,1,1,1,1
Blue bourbon in a red bottle,1,1,1,1,1,1,1,1,1,1
"Boca Raton, Florida",1,1,1,1,1,1,1,1,1,1
"Bodfish, CA",1,1,1,1,1,1,1,1,1,1
"Boise, ID",2,2,2,2,2,2,2,2,2,2
"Bolton, Mississippi",1,1,1,1,1,1,1,1,1,1
"Boone, NC",1,1,1,1,1,1,1,1,1,1
"Boston, MA",10,10,10,10,10,10,10,10,10,10
"Boston, Massachusetts, USA",2,2,2,2,2,2,2,2,2,2
"Boston, New York, DC",1,1,1,1,1,1,1,1,1,1
"Boulder, CO",1,1,1,1,1,1,1,1,1,1
"Boulder, Colorado",1,1,1,1,1,1,1,1,1,1
"Bowling Green, KY",2,2,2,2,2,2,2,2,2,2
"Bowling Green, Ohio",1,1,1,1,1,1,1,1,1,1
Bozeman MT...Vancouver BC,1,1,1,1,1,1,1,1,1,1
"Brandon, Mississippi",1,1,1,1,1,1,1,1,1,1
Branson Missouri,1,1,1,1,1,1,1,1,1,1
"Breda, Noord-Brabant",1,1,1,1,1,1,1,1,1,1
Bremen,1,1,1,1,1,1,1,1,1,1
"Brentwood, Tennessee",1,1,1,1,1,1,1,1,1,1
"Bridgewater, MA",1,1,1,1,1,1,1,1,1,1
"Briny Breezes, USA ",1,1,1,1,1,1,1,1,1,1
"Bristol, VA",1,1,1,1,1,1,1,1,1,1
"Bronx, NY",1,1,1,1,1,1,1,1,1,1
Brooklyn,3,3,3,3,3,3,3,3,3,3
"Brooklyn, NY",3,3,3,3,3,3,3,3,3,3
"Brooklyn, NY ",5,5,5,5,5,5,5,5,5,5
"Brooklyn, NY via NC/MS/ATL",1,1,1,1,1,1,1,1,1,1
"Brooklyn, NY- When they go low...I grab a shovel.",4,4,4,4,4,4,4,4,4,4
"Brooklyn, NYC",1,1,1,1,1,1,1,1,1,1
Bunker in America's High Five,1,1,1,1,1,1,1,1,1,1
"Burbank, CA",1,1,1,1,1,1,1,1,1,1
"By the Sea, Delaware ‚òÆÔ∏è",2,2,2,2,2,2,2,2,2,2
"Byram, MS",1,1,1,1,1,1,1,1,1,1
CA,3,3,3,3,3,3,3,3,3,3
CA ,1,1,1,1,1,1,1,1,1,1
CABA,1,1,1,1,1,1,1,1,1,1
CANADA,2,2,2,2,2,2,2,2,2,2
"CARTERSVILLE, GEORGIA",1,1,1,1,1,1,1,1,1,1
COLOMBIA,1,1,1,1,1,1,1,1,1,1
"CT, USA",1,1,1,1,1,1,1,1,1,1
California,9,9,9,9,9,9,9,9,9,9
"California, USA",25,25,25,25,25,25,25,25,25,25
"California, USA  ü•ã",1,1,1,1,1,1,1,1,1,1
"Cambria, Ca.",1,1,1,1,1,1,1,1,1,1
"Cambridge, MA",3,3,3,3,3,3,3,3,3,3
Canada,1,1,1,1,1,1,1,1,1,1
Candyland,1,1,1,1,1,1,1,1,1,1
"Cape Coral, Florida",1,1,1,1,1,1,1,1,1,1
"Cape Girardeau, MO",1,1,1,1,1,1,1,1,1,1
Caracas - Venezuela,1,1,1,1,1,1,1,1,1,1
"Carbondale, CO",1,1,1,1,1,1,1,1,1,1
Cascadia,1,1,1,1,1,1,1,1,1,1
"Cascilla, MS",3,3,3,3,3,3,3,3,3,3
Casnewydd ,1,1,1,1,1,1,1,1,1,1
"Cedar Rapids, Iowa",1,1,1,1,1,1,1,1,1,1
Central Mississippi,1,1,1,1,1,1,1,1,1,1
Central NY USA,1,1,1,1,1,1,1,1,1,1
Central Ohio,1,1,1,1,1,1,1,1,1,1
Central and Northern Michigan,2,2,2,2,2,2,2,2,2,2
"Centre County, Pennsylvania",1,1,1,1,1,1,1,1,1,1
"Chandler, AZ",1,1,1,1,1,1,1,1,1,1
Changing MS by staying.,1,1,1,1,1,1,1,1,1,1
"Chapel Hill, NC",1,1,1,1,1,1,1,1,1,1
Charlotte and Wilmington NC,2,2,2,2,2,2,2,2,2,2
"Charlotte, NC",4,4,4,4,4,4,4,4,4,4
Charm City AKA Mobtown,1,1,1,1,1,1,1,1,1,1
"Chattanooga, TN",3,3,3,3,3,3,3,3,3,3
"Chattanooga, TN, USA",1,1,1,1,1,1,1,1,1,1
"Chattanooga, Tennessee",1,1,1,1,1,1,1,1,1,1
"Cherokee National Forest,TN/NC",4,4,4,4,4,4,4,4,4,4
Chi Town,1,1,1,1,1,1,1,1,1,1
Chicago NW Suburbs,1,1,1,1,1,1,1,1,1,1
"Chicago, IL",35,35,35,35,35,35,35,35,35,35
"Chicago, Illinois",3,3,3,3,3,3,3,3,3,3
Choctaw/Osage land (MS/STL),1,1,1,1,1,1,1,1,1,1
"Cincinnati, OH",5,5,5,5,5,5,5,5,5,5
Clearwater Fla Florida NY,1,1,1,1,1,1,1,1,1,1
Cleveland,1,1,1,1,1,1,1,1,1,1
Cleveland OH,1,1,1,1,1,1,1,1,1,1
Cleveland Ohio,4,4,4,4,4,4,4,4,4,4
"Cleveland, OH",2,2,2,2,2,2,2,2,2,2
"Cleveland, Ohio",1,1,1,1,1,1,1,1,1,1
"Cleveland, Ohio, U.S.A",1,1,1,1,1,1,1,1,1,1
"Clinton, MD",1,1,1,1,1,1,1,1,1,1
"Clinton, MS",6,6,6,6,6,6,6,6,6,6
Close to Narragansett Bay ,2,2,2,2,2,2,2,2,2,2
Clubhouse,1,1,1,1,1,1,1,1,1,1
"Coimbatore, India/Jackson, MS",1,1,1,1,1,1,1,1,1,1
"College Park, MD",1,1,1,1,1,1,1,1,1,1
Colorado,4,4,4,4,4,4,4,4,4,4
"Colorado Springs, CO",1,1,1,1,1,1,1,1,1,1
"Colorado, USA",3,3,3,3,3,3,3,3,3,3
"Columbia, S.C.",1,1,1,1,1,1,1,1,1,1
"Columbia, SC",1,1,1,1,1,1,1,1,1,1
Columbus Ohio,1,1,1,1,1,1,1,1,1,1
"Columbus, OH",3,3,3,3,3,3,3,3,3,3
"Columbus, Oh",1,1,1,1,1,1,1,1,1,1
"Columbus, Ohio",3,3,3,3,3,3,3,3,3,3
Coming2aCollegeNearYou,1,1,1,1,1,1,1,1,1,1
Commissions Open ‚ûû,1,1,1,1,1,1,1,1,1,1
"Concord, NH",1,1,1,1,1,1,1,1,1,1
Connecticut,2,2,2,2,2,2,2,2,2,2
"Connecticut, USA",2,2,2,2,2,2,2,2,2,2
"Container ship, Long Island",1,1,1,1,1,1,1,1,1,1
"Converse, TX",1,1,1,1,1,1,1,1,1,1
"Cookeville, TN",1,1,1,1,1,1,1,1,1,1
"Corona, CA",2,2,2,2,2,2,2,2,2,2
Cosmopolitan,1,1,1,1,1,1,1,1,1,1
Coventry UK,1,1,1,1,1,1,1,1,1,1
Crestview Florida...gulf coast,2,2,2,2,2,2,2,2,2,2
Cusco Peru ,1,1,1,1,1,1,1,1,1,1
D.C.,1,1,1,1,1,1,1,1,1,1
DC,1,1,1,1,1,1,1,1,1,1
DC & Chicago,1,1,1,1,1,1,1,1,1,1
DE,1,1,1,1,1,1,1,1,1,1
DFW Texas,1,1,1,1,1,1,1,1,1,1
DM04,1,1,1,1,1,1,1,1,1,1
DMV,1,1,1,1,1,1,1,1,1,1
DMV‚û°Ô∏èNM‚û°Ô∏èDMV‚û°Ô∏èATX,1,1,1,1,1,1,1,1,1,1
DTX,2,2,2,2,2,2,2,2,2,2
Da Sip ü§†,1,1,1,1,1,1,1,1,1,1
Dallas Texas,1,1,1,1,1,1,1,1,1,1
Dallas area,1,1,1,1,1,1,1,1,1,1
Dallas by way of Mississippi,1,1,1,1,1,1,1,1,1,1
"Dallas, TX",6,6,6,6,6,6,6,6,6,6
Dallas/Ft Worth,1,1,1,1,1,1,1,1,1,1
"Davis, CA",1,1,1,1,1,1,1,1,1,1
"Davis, California, USA",1,1,1,1,1,1,1,1,1,1
"Dayton, Ohio",1,1,1,1,1,1,1,1,1,1
"Daytona Beach, FL",1,1,1,1,1,1,1,1,1,1
Debatable,1,1,1,1,1,1,1,1,1,1
Deep Fucking South,1,1,1,1,1,1,1,1,1,1
Deep behind enemy lines in Mississippi,1,1,1,1,1,1,1,1,1,1
"Delaware, USA",1,1,1,1,1,1,1,1,1,1
"Denton, TX",1,1,1,1,1,1,1,1,1,1
Denver,1,1,1,1,1,1,1,1,1,1
"Denver, CO",2,2,2,2,2,2,2,2,2,2
"Denver, Colorado",1,1,1,1,1,1,1,1,1,1
"Denver,CO",1,1,1,1,1,1,1,1,1,1
"Detroit, MI",5,5,5,5,5,5,5,5,5,5
"Detroit, MI | Brooklyn, NY ",1,1,1,1,1,1,1,1,1,1
"Detroit, Michigan the WORLD",3,3,3,3,3,3,3,3,3,3
Detroit/Seattle,1,1,1,1,1,1,1,1,1,1
"Deutschland (Germany), EU ",1,1,1,1,1,1,1,1,1,1
"Dhaka,Bangladesh",6,6,6,6,6,6,6,6,6,6
Dirty Jerz,1,1,1,1,1,1,1,1,1,1
District of Champions,1,1,1,1,1,1,1,1,1,1
District of Columbia,1,1,1,1,1,1,1,1,1,1
Dominican Republic,1,1,1,1,1,1,1,1,1,1
Douglass Commonwealth,1,1,1,1,1,1,1,1,1,1
"Downers Grove, IL",2,2,2,2,2,2,2,2,2,2
"Draper, UT",1,1,1,1,1,1,1,1,1,1
"Duluth, MN",1,1,1,1,1,1,1,1,1,1
Dumpster Legend,1,1,1,1,1,1,1,1,1,1
"Durham / Fayettenam, NC",2,2,2,2,2,2,2,2,2,2
"Durham, ATL, Birmingham & NOLA",1,1,1,1,1,1,1,1,1,1
"Durham, NC",3,3,3,3,3,3,3,3,3,3
"Durham, NC ‚ÄîDETROIT MADE üéâüíØ",1,1,1,1,1,1,1,1,1,1
DurhamNH/CambridgeMA/EastLos,1,1,1,1,1,1,1,1,1,1
Duval/Newark/South Bend,1,1,1,1,1,1,1,1,1,1
Duwamish territory / Seattle,1,1,1,1,1,1,1,1,1,1
Earth,15,15,15,15,15,15,15,15,15,15
Earth ,1,1,1,1,1,1,1,1,1,1
Earth 1 ,1,1,1,1,1,1,1,1,1,1
Earth while it lasts,1,1,1,1,1,1,1,1,1,1
"Earth, EU, Germany, Bonn",1,1,1,1,1,1,1,1,1,1
"Earth, PNW",3,3,3,3,3,3,3,3,3,3
East Atlanta,1,1,1,1,1,1,1,1,1,1
East Bay Area,1,1,1,1,1,1,1,1,1,1
Eastern Iowa,1,1,1,1,1,1,1,1,1,1
"Edmond, OK",1,1,1,1,1,1,1,1,1,1
Em-Aye-Ess-Ess...,2,2,2,2,2,2,2,2,2,2
Embajada de Cuba en Guyana,1,1,1,1,1,1,1,1,1,1
Employment Statistic,1,1,1,1,1,1,1,1,1,1
En la ciudad de la furia,1,1,1,1,1,1,1,1,1,1
"Englewood Cliffs, NJ",1,1,1,1,1,1,1,1,1,1
"Epicenter, Universe",1,1,1,1,1,1,1,1,1,1
Etats-Unis,1,1,1,1,1,1,1,1,1,1
"Eugene, Oregon",1,1,1,1,1,1,1,1,1,1
Europe,1,1,1,1,1,1,1,1,1,1
"Europe,NL",1,1,1,1,1,1,1,1,1,1
Everywhere,2,2,2,2,2,2,2,2,2,2
Everywhere ,1,1,1,1,1,1,1,1,1,1
Everywhere even #STS-135,1,1,1,1,1,1,1,1,1,1
Everywhere!,1,1,1,1,1,1,1,1,1,1
"Everywhere, USA",4,4,4,4,4,4,4,4,4,4
Exposing someone,1,1,1,1,1,1,1,1,1,1
FL CA OH,1,1,1,1,1,1,1,1,1,1
FLA ‚û°Ô∏è NC ‚û°Ô∏è DC,1,1,1,1,1,1,1,1,1,1
"Fairfax, Virginia",1,1,1,1,1,1,1,1,1,1
"Fairview, NC ",1,1,1,1,1,1,1,1,1,1
"Far Rockaway, NY",1,1,1,1,1,1,1,1,1,1
"Fayetteville, NC",2,2,2,2,2,2,2,2,2,2
"Federal Way, WA",1,1,1,1,1,1,1,1,1,1
"Fitzwalkerstan, Wi",1,1,1,1,1,1,1,1,1,1
"Fix the water, you bastards",1,1,1,1,1,1,1,1,1,1
"Flatbush, Brooklyn",1,1,1,1,1,1,1,1,1,1
"Flint, MI",1,1,1,1,1,1,1,1,1,1
Florence,1,1,1,1,1,1,1,1,1,1
"Florence, MS",1,1,1,1,1,1,1,1,1,1
Florida,3,3,3,3,3,3,3,3,3,3
Florida Panhandle,1,1,1,1,1,1,1,1,1,1
"Florida, US",2,2,2,2,2,2,2,2,2,2
"Florida, USA",14,14,14,14,14,14,14,14,14,14
Flying around USA,2,2,2,2,2,2,2,2,2,2
Follows You,1,1,1,1,1,1,1,1,1,1
"Fondren - Jackson, MS",1,1,1,1,1,1,1,1,1,1
"Fort Collins, CO",1,1,1,1,1,1,1,1,1,1
"Fort Lauderdale, FL",2,2,2,2,2,2,2,2,2,2
"Fort McMurray, Alberta",1,1,1,1,1,1,1,1,1,1
"Fort Wayne, IN",1,1,1,1,1,1,1,1,1,1
"Fort Worth, TX",1,1,1,1,1,1,1,1,1,1
Franklin Humanities Institute,2,2,2,2,2,2,2,2,2,2
"From Originally from Boston,MA",2,2,2,2,2,2,2,2,2,2
"From the Nawf of Jxn, #DFDub",1,1,1,1,1,1,1,1,1,1
GA,1,1,1,1,1,1,1,1,1,1
"Gaithersburg, Maryland",1,1,1,1,1,1,1,1,1,1
Georgia,3,3,3,3,3,3,3,3,3,3
"Georgia, USA",7,7,7,7,7,7,7,7,7,7
"Glendale, California",1,1,1,1,1,1,1,1,1,1
Global,8,8,8,8,8,8,8,8,8,8
Global ,1,1,1,1,1,1,1,1,1,1
Globo Gym,1,1,1,1,1,1,1,1,1,1
Glockenspiel,1,1,1,1,1,1,1,1,1,1
Gluckstadt,1,1,1,1,1,1,1,1,1,1
"Goshen, IN",1,1,1,1,1,1,1,1,1,1
Grain Valley Missouri,1,1,1,1,1,1,1,1,1,1
"Grand Rapids, MI",1,1,1,1,1,1,1,1,1,1
Great white North 45 N¬∞,1,1,1,1,1,1,1,1,1,1
"Greater Portland, Oregon, USA",1,1,1,1,1,1,1,1,1,1
"Green Mountain, NC",1,1,1,1,1,1,1,1,1,1
"Greenville, SC",1,1,1,1,1,1,1,1,1,1
"Griffin, Georgia",1,1,1,1,1,1,1,1,1,1
"Gruene, Texas",1,1,1,1,1,1,1,1,1,1
Gulf Coast,1,1,1,1,1,1,1,1,1,1
"Gulfport, MS  Hotty Toddy Land",3,3,3,3,3,3,3,3,3,3
"Gulph Coast, Fl",1,1,1,1,1,1,1,1,1,1
HELL,1,1,1,1,1,1,1,1,1,1
"Harlem, New York",1,1,1,1,1,1,1,1,1,1
"Harrisburg, Pennsylvania, USA",1,1,1,1,1,1,1,1,1,1
"Hattiesburg, MS",31,31,31,31,31,31,31,31,31,31
"Hattiesburg, Miss.",1,1,1,1,1,1,1,1,1,1
Haverford/ San Angel,1,1,1,1,1,1,1,1,1,1
Hawaii,2,2,2,2,2,2,2,2,2,2
"Hawthorne, NV",5,5,5,5,5,5,5,5,5,5
"Hazard, KY",1,1,1,1,1,1,1,1,1,1
Headquartered in D.C.,1,1,1,1,1,1,1,1,1,1
Heart of the Empire,1,1,1,1,1,1,1,1,1,1
Heaven,1,1,1,1,1,1,1,1,1,1
Held in captivity in Oklahoma ,1,1,1,1,1,1,1,1,1,1
Hell,4,4,4,4,4,4,4,4,4,4
"Hephzibah, GA",2,2,2,2,2,2,2,2,2,2
Here and Now,1,1,1,1,1,1,1,1,1,1
"Here, with you",1,1,1,1,1,1,1,1,1,1
"High Point, NC",1,1,1,1,1,1,1,1,1,1
"Hockessin, DE",2,2,2,2,2,2,2,2,2,2
Hollywood,3,3,3,3,3,3,3,3,3,3
Home,1,1,1,1,1,1,1,1,1,1
"Honolulu, Hawaii",1,1,1,1,1,1,1,1,1,1
Hotlanta,1,1,1,1,1,1,1,1,1,1
House without windows,1,1,1,1,1,1,1,1,1,1
Houston Texas,2,2,2,2,2,2,2,2,2,2
"Houston, TX",20,20,20,20,20,20,20,20,20,20
"Houston, Texas",1,1,1,1,1,1,1,1,1,1
"Houston,Tx",1,1,1,1,1,1,1,1,1,1
"Huntington Beach, CA",1,1,1,1,1,1,1,1,1,1
"Huntsville, AL",3,3,3,3,3,3,3,3,3,3
"Huntsville, Alabama ",1,1,1,1,1,1,1,1,1,1
"Hyderabad, Telangana, India",1,1,1,1,1,1,1,1,1,1
"Hyderabad,India",1,1,1,1,1,1,1,1,1,1
I don‚Äôt trust people ,1,1,1,1,1,1,1,1,1,1
I live in my own little world,1,1,1,1,1,1,1,1,1,1
I love baby goats ,1,1,1,1,1,1,1,1,1,1
"I wish I wasn't Florida, USA",1,1,1,1,1,1,1,1,1,1
INTEL-STRATEGIC,1,1,1,1,1,1,1,1,1,1
Illinois,1,1,1,1,1,1,1,1,1,1
Illinois ,1,1,1,1,1,1,1,1,1,1
"Illinois, USA",5,5,5,5,5,5,5,5,5,5
Im in america girl help me! ,1,1,1,1,1,1,1,1,1,1
Imported from Detroit,1,1,1,1,1,1,1,1,1,1
Improving Communities ,6,6,6,6,6,6,6,6,6,6
In Gods hands,1,1,1,1,1,1,1,1,1,1
In Grant County WA ,1,1,1,1,1,1,1,1,1,1
In London with the Duke,1,1,1,1,1,1,1,1,1,1
In Your Mind.  ,1,1,1,1,1,1,1,1,1,1
In a State of Confusion,1,1,1,1,1,1,1,1,1,1
In the A,1,1,1,1,1,1,1,1,1,1
In the middle with you.,3,3,3,3,3,3,3,3,3,3
In the mountains,1,1,1,1,1,1,1,1,1,1
India,4,4,4,4,4,4,4,4,4,4
"Indian Country, Oklahoma",2,2,2,2,2,2,2,2,2,2
"Indiana, USA",2,2,2,2,2,2,2,2,2,2
Indianapolis,1,1,1,1,1,1,1,1,1,1
"Indianapolis, IN",6,6,6,6,6,6,6,6,6,6
"Indianapolis, IN USA",3,3,3,3,3,3,3,3,3,3
"Indianapolis, Indiana",1,1,1,1,1,1,1,1,1,1
Information for the Masses,1,1,1,1,1,1,1,1,1,1
Inside my exurban house.,2,2,2,2,2,2,2,2,2,2
Instagram: Hey_D_Ray,1,1,1,1,1,1,1,1,1,1
International,1,1,1,1,1,1,1,1,1,1
"Iowa City, IA",2,2,2,2,2,2,2,2,2,2
"Iowa, USA",1,1,1,1,1,1,1,1,1,1
"Iowa, the Hawkeye State",1,1,1,1,1,1,1,1,1,1
"Irving, TX",1,1,1,1,1,1,1,1,1,1
Israel,1,1,1,1,1,1,1,1,1,1
Istanbul,1,1,1,1,1,1,1,1,1,1
Italia,2,2,2,2,2,2,2,2,2,2
Italia ,1,1,1,1,1,1,1,1,1,1
Italy,2,2,2,2,2,2,2,2,2,2
"JXN, MS",2,2,2,2,2,2,2,2,2,2
Jackson MS,1,1,1,1,1,1,1,1,1,1
"Jackson,  Mississippi ",2,2,2,2,2,2,2,2,2,2
"Jackson, MS",375,375,375,375,375,375,375,375,375,375
"Jackson, MS    ",4,4,4,4,4,4,4,4,4,4
"Jackson, MS.",1,1,1,1,1,1,1,1,1,1
"Jackson, Miss",1,1,1,1,1,1,1,1,1,1
"Jackson, Miss.",2,2,2,2,2,2,2,2,2,2
"Jackson, Mississipi",1,1,1,1,1,1,1,1,1,1
"Jackson, Ms",1,1,1,1,1,1,1,1,1,1
"Jackson, TN",2,2,2,2,2,2,2,2,2,2
Jackson/Chicago,1,1,1,1,1,1,1,1,1,1
"Jacksonville, FL",2,2,2,2,2,2,2,2,2,2
Jakarta Capital Region,1,1,1,1,1,1,1,1,1,1
Jamaica and Florida,1,1,1,1,1,1,1,1,1,1
Jawga,1,1,1,1,1,1,1,1,1,1
"Jefferson, LA",3,3,3,3,3,3,3,3,3,3
"Jeju-si, Republic of Korea",1,1,1,1,1,1,1,1,1,1
Jersey,2,2,2,2,2,2,2,2,2,2
Jersey City via Duval County,1,1,1,1,1,1,1,1,1,1
Jersey Girl via PA via Cali,1,1,1,1,1,1,1,1,1,1
"Joliet, IL",1,1,1,1,1,1,1,1,1,1
Ju City Ju üìç,1,1,1,1,1,1,1,1,1,1
Kalifornia,1,1,1,1,1,1,1,1,1,1
Kansas,1,1,1,1,1,1,1,1,1,1
Kansas City,2,2,2,2,2,2,2,2,2,2
"Kansas City, MO",1,1,1,1,1,1,1,1,1,1
"Kansas City, MO/New Orleans",1,1,1,1,1,1,1,1,1,1
"Kansas City, Missouri",1,1,1,1,1,1,1,1,1,1
"Kansas City, Mo.",1,1,1,1,1,1,1,1,1,1
"Kansas, USA",1,1,1,1,1,1,1,1,1,1
Katy Texas,2,2,2,2,2,2,2,2,2,2
"Katy, TX",2,2,2,2,2,2,2,2,2,2
Kennesaw GA,1,1,1,1,1,1,1,1,1,1
Kennewick WA,1,1,1,1,1,1,1,1,1,1
"Kentucky, USA",1,1,1,1,1,1,1,1,1,1
"Kentucky, USA   Vote Blue KY ",1,1,1,1,1,1,1,1,1,1
"Kigali, Rwanda",2,2,2,2,2,2,2,2,2,2
"Kingston, Ontario",1,1,1,1,1,1,1,1,1,1
"Kingwood,Tx ",1,1,1,1,1,1,1,1,1,1
"Kirksville, Mo./Ottumwa, Ia.",1,1,1,1,1,1,1,1,1,1
Knitting during a Zoom meeting,1,1,1,1,1,1,1,1,1,1
"Knoxville, TN",1,1,1,1,1,1,1,1,1,1
L. A.  Ca.,1,1,1,1,1,1,1,1,1,1
LA,2,2,2,2,2,2,2,2,2,2
LA & The Netherlands,1,1,1,1,1,1,1,1,1,1
LA & WA,1,1,1,1,1,1,1,1,1,1
LA | NYC,1,1,1,1,1,1,1,1,1,1
"LA, NY & Cambridge",2,2,2,2,2,2,2,2,2,2
"LA,Houston, NYC, ATL,Tampa",1,1,1,1,1,1,1,1,1,1
La Selva,1,1,1,1,1,1,1,1,1,1
"Lafayette, LA",2,2,2,2,2,2,2,2,2,2
"Lagos, Nigeria",1,1,1,1,1,1,1,1,1,1
"Lake Travis, Texas",1,1,1,1,1,1,1,1,1,1
"Lansing, Michigan",1,1,1,1,1,1,1,1,1,1
"Laredo, Texas",3,3,3,3,3,3,3,3,3,3
Las Vegas,1,1,1,1,1,1,1,1,1,1
Las Vegas ,1,1,1,1,1,1,1,1,1,1
"Las Vegas, NV",2,2,2,2,2,2,2,2,2,2
Lawn Guy Land,1,1,1,1,1,1,1,1,1,1
Lawrence KS ,1,1,1,1,1,1,1,1,1,1
Lawrence Kansas,2,2,2,2,2,2,2,2,2,2
"Lee's Summit, MO",1,1,1,1,1,1,1,1,1,1
Lenape land,1,1,1,1,1,1,1,1,1,1
Lenapehoking,1,1,1,1,1,1,1,1,1,1
"Lewiston, Calif.",1,1,1,1,1,1,1,1,1,1
"Lexington, KY",4,4,4,4,4,4,4,4,4,4
"Lincoln, NE",1,1,1,1,1,1,1,1,1,1
"Lisboa, Portugal",1,1,1,1,1,1,1,1,1,1
Lithonia ,2,2,2,2,2,2,2,2,2,2
"Lithonia, Ga",1,1,1,1,1,1,1,1,1,1
"Little Italy: San Diego, CA.",1,1,1,1,1,1,1,1,1,1
"Little Rock, AR ",1,1,1,1,1,1,1,1,1,1
"Little Rock, Ark.",1,1,1,1,1,1,1,1,1,1
"Littleton, CO",1,1,1,1,1,1,1,1,1,1
"Live From Planet Earth, USA",1,1,1,1,1,1,1,1,1,1
Livin in a trolls üß† rent free,1,1,1,1,1,1,1,1,1,1
"Lock Haven, PA",2,2,2,2,2,2,2,2,2,2
London via NYC and ATL,1,1,1,1,1,1,1,1,1,1
Long Island ,1,1,1,1,1,1,1,1,1,1
"Long Island City, NY Queens",1,1,1,1,1,1,1,1,1,1
Looking over your shoulder,3,3,3,3,3,3,3,3,3,3
"Los Angeles, CA",124,124,124,124,124,124,124,124,124,124
"Los Angeles, Ca & Brookyn, NY",1,1,1,1,1,1,1,1,1,1
Louisiana,2,2,2,2,2,2,2,2,2,2
"Louisiana, USA",1,1,1,1,1,1,1,1,1,1
"Louisiana,USA/PuertoRico",1,1,1,1,1,1,1,1,1,1
"Louisville, Kentucky ",1,1,1,1,1,1,1,1,1,1
"Loves Park, IL",1,1,1,1,1,1,1,1,1,1
M E M P H I S,1,1,1,1,1,1,1,1,1,1
M$ | AllBlackLivesMatterüè≥Ô∏è‚Äçüåà,3,3,3,3,3,3,3,3,3,3
MD,1,1,1,1,1,1,1,1,1,1
MS,2,2,2,2,2,2,2,2,2,2
"Maben, Mississippi",4,4,4,4,4,4,4,4,4,4
"Macon, GA",1,1,1,1,1,1,1,1,1,1
"Madison, MS",5,5,5,5,5,5,5,5,5,5
"Madison, WI",3,3,3,3,3,3,3,3,3,3
Madrid,1,1,1,1,1,1,1,1,1,1
Making Money Moves,1,1,1,1,1,1,1,1,1,1
"Malden, MA",3,3,3,3,3,3,3,3,3,3
Mamby Pamby Land,1,1,1,1,1,1,1,1,1,1
Manchester,1,1,1,1,1,1,1,1,1,1
"Manchester, England | He/Him",1,1,1,1,1,1,1,1,1,1
"Manchester, UK",1,1,1,1,1,1,1,1,1,1
"Manhattan, NY",3,3,3,3,3,3,3,3,3,3
"Maplewood, New Jersey",1,1,1,1,1,1,1,1,1,1
Maryland,1,1,1,1,1,1,1,1,1,1
"Maryland, Baltimore",1,1,1,1,1,1,1,1,1,1
"Maryland, Southern AACo",1,1,1,1,1,1,1,1,1,1
"Maryland, USA",3,3,3,3,3,3,3,3,3,3
"Maryland-Virginia-DC, USA",1,1,1,1,1,1,1,1,1,1
"Maryville, TN",1,1,1,1,1,1,1,1,1,1
Massachusetts,1,1,1,1,1,1,1,1,1,1
"Massachusetts, USA",1,1,1,1,1,1,1,1,1,1
"Mattydale, NY",1,1,1,1,1,1,1,1,1,1
May contain affiliate links,1,1,1,1,1,1,1,1,1,1
"McHenry, MS",1,1,1,1,1,1,1,1,1,1
"McLean, Va. (USA TODAY HQ)",1,1,1,1,1,1,1,1,1,1
Medford,1,1,1,1,1,1,1,1,1,1
"Medicine Lake, MN",1,1,1,1,1,1,1,1,1,1
Melbourne Australia,1,1,1,1,1,1,1,1,1,1
"Melbourne Beach, FL",1,1,1,1,1,1,1,1,1,1
"Melbourne, Australia",1,1,1,1,1,1,1,1,1,1
"Melbourne, Victoria, Australia",2,2,2,2,2,2,2,2,2,2
Memphis,3,3,3,3,3,3,3,3,3,3
"Memphis, TN",8,8,8,8,8,8,8,8,8,8
"Mendocino, CA",1,1,1,1,1,1,1,1,1,1
Meridian - Oxford,1,1,1,1,1,1,1,1,1,1
"Mesa, AZ",1,1,1,1,1,1,1,1,1,1
Metro Detroit,1,1,1,1,1,1,1,1,1,1
"Miami, FL",3,3,3,3,3,3,3,3,3,3
"Miami, Florida",1,1,1,1,1,1,1,1,1,1
Michianan in Louisiana,1,1,1,1,1,1,1,1,1,1
Michigan,3,3,3,3,3,3,3,3,3,3
"Michigan, USA",3,3,3,3,3,3,3,3,3,3
Michigan/Huron Potawatomi land,1,1,1,1,1,1,1,1,1,1
Mid America by way of life ,1,1,1,1,1,1,1,1,1,1
Mid Atlantic  ,2,2,2,2,2,2,2,2,2,2
"Midlothian, VA",1,1,1,1,1,1,1,1,1,1
Midwest ,2,2,2,2,2,2,2,2,2,2
Milky Way,2,2,2,2,2,2,2,2,2,2
"Milwaukee, WI",1,1,1,1,1,1,1,1,1,1
"Milwaukee, Wisconsin",1,1,1,1,1,1,1,1,1,1
Minding mines,1,1,1,1,1,1,1,1,1,1
"Minneapolis, MN",2,2,2,2,2,2,2,2,2,2
"Minneapolis, MN, USA",1,1,1,1,1,1,1,1,1,1
"Minneapolis, MN, USA \ Global",3,3,3,3,3,3,3,3,3,3
Minnesota,2,2,2,2,2,2,2,2,2,2
"Minnesota, USA",3,3,3,3,3,3,3,3,3,3
Mississippi,137,137,137,137,137,137,137,137,137,137
Mississippi ,2,2,2,2,2,2,2,2,2,2
Mississippi  ü§¨,1,1,1,1,1,1,1,1,1,1
"Mississippi & Cambridge, MA ",1,1,1,1,1,1,1,1,1,1
Mississippi College,1,1,1,1,1,1,1,1,1,1
Mississippi Gulf Coast,3,3,3,3,3,3,3,3,3,3
"Mississippi Gulf Coast, USA",1,1,1,1,1,1,1,1,1,1
Mississippi communities,3,3,3,3,3,3,3,3,3,3
Mississippi via Alabama,1,1,1,1,1,1,1,1,1,1
"Mississippi, Mexico",3,3,3,3,3,3,3,3,3,3
Missouri USA,2,2,2,2,2,2,2,2,2,2
"Mobile, AL",2,2,2,2,2,2,2,2,2,2
"Mobile, Alabama",2,2,2,2,2,2,2,2,2,2
"Moncton, Canada",2,2,2,2,2,2,2,2,2,2
Montana ,1,1,1,1,1,1,1,1,1,1
"Montana, USA",1,1,1,1,1,1,1,1,1,1
"Montco, Pennsylvania",1,1,1,1,1,1,1,1,1,1
"Montgomery County, TX",1,1,1,1,1,1,1,1,1,1
"Montgomery, AL",1,1,1,1,1,1,1,1,1,1
"Moradabad, India",1,1,1,1,1,1,1,1,1,1
"Morgantown, WV",2,2,2,2,2,2,2,2,2,2
"Mostly Chicago, IL ",1,1,1,1,1,1,1,1,1,1
Mother Earth,1,1,1,1,1,1,1,1,1,1
Mount Holly,2,2,2,2,2,2,2,2,2,2
"Mountain View, CA",4,4,4,4,4,4,4,4,4,4
Moving America #OffFossilFuels,1,1,1,1,1,1,1,1,1,1
"Mumbai, India",2,2,2,2,2,2,2,2,2,2
Municipio Sal Si Puedes,1,1,1,1,1,1,1,1,1,1
Muscogee Territory,1,1,1,1,1,1,1,1,1,1
My bag ,1,1,1,1,1,1,1,1,1,1
My own little world,2,2,2,2,2,2,2,2,2,2
My ringtone? Play video at...,1,1,1,1,1,1,1,1,1,1
"Myrtle Beach, SC",1,1,1,1,1,1,1,1,1,1
N 31¬∞45' 0'' / W 89¬∞16' 0'',1,1,1,1,1,1,1,1,1,1
N 38¬∞48' 0'' / W 77¬∞9' 0'',1,1,1,1,1,1,1,1,1,1
N.Y. U.S.A. ,1,1,1,1,1,1,1,1,1,1
N8ion-Wid3,1,1,1,1,1,1,1,1,1,1
NC USA,1,1,1,1,1,1,1,1,1,1
"NNY, FL, SC, NJ",1,1,1,1,1,1,1,1,1,1
NOLA,2,2,2,2,2,2,2,2,2,2
NY,3,3,3,3,3,3,3,3,3,3
NY ,1,1,1,1,1,1,1,1,1,1
NY NY,1,1,1,1,1,1,1,1,1,1
NY01,1,1,1,1,1,1,1,1,1,1
NYC & DC,1,1,1,1,1,1,1,1,1,1
NYC - PDX - stolen land,1,1,1,1,1,1,1,1,1,1
"NYC, Chicago, DC",1,1,1,1,1,1,1,1,1,1
Na,1,1,1,1,1,1,1,1,1,1
Nashville,4,4,4,4,4,4,4,4,4,4
"Nashville, TN",6,6,6,6,6,6,6,6,6,6
"Nashville, Tennessee",1,1,1,1,1,1,1,1,1,1
National Capital Region,2,2,2,2,2,2,2,2,2,2
"Native Texan  (oh, the shame!)",1,1,1,1,1,1,1,1,1,1
Nazi-Free USA,1,1,1,1,1,1,1,1,1,1
"Nebraska, USA",1,1,1,1,1,1,1,1,1,1
Nebraska/Iowa/South Dakota,1,1,1,1,1,1,1,1,1,1
"Needham and Fitchburg, MA",1,1,1,1,1,1,1,1,1,1
"Neosho, Missouri",1,1,1,1,1,1,1,1,1,1
Nepal,1,1,1,1,1,1,1,1,1,1
Nevada,1,1,1,1,1,1,1,1,1,1
New Connecticut,1,1,1,1,1,1,1,1,1,1
"New Delhi, India",2,2,2,2,2,2,2,2,2,2
New England,3,3,3,3,3,3,3,3,3,3
New England now NorCal,1,1,1,1,1,1,1,1,1,1
"New Farangastan, Salish Lands ",1,1,1,1,1,1,1,1,1,1
"New Haven, CT",3,3,3,3,3,3,3,3,3,3
New Jersey,1,1,1,1,1,1,1,1,1,1
"New Jersey, USA",4,4,4,4,4,4,4,4,4,4
New London OH & Long Beach CA,1,1,1,1,1,1,1,1,1,1
New Mexico,1,1,1,1,1,1,1,1,1,1
"New Mississippi, USA",1,1,1,1,1,1,1,1,1,1
New Orleans,6,6,6,6,6,6,6,6,6,6
New Orleans and Beyond,1,1,1,1,1,1,1,1,1,1
"New Orleans, LA",10,10,10,10,10,10,10,10,10,10
"New Orleans, Louisiana",1,1,1,1,1,1,1,1,1,1
"New Orleans, Louisiana ",1,1,1,1,1,1,1,1,1,1
"New Providence, NJ",2,2,2,2,2,2,2,2,2,2
New York,17,17,17,17,17,17,17,17,17,17
"New York City & Jupiter, Florida",1,1,1,1,1,1,1,1,1,1
New York City & New Jersey +DC,1,1,1,1,1,1,1,1,1,1
New York City / Worldwide,4,4,4,4,4,4,4,4,4,4
"New York City, NY",1,1,1,1,1,1,1,1,1,1
"New York City, USA",2,2,2,2,2,2,2,2,2,2
"New York City/Washington, D.C.",1,1,1,1,1,1,1,1,1,1
New York NY,1,1,1,1,1,1,1,1,1,1
New York NY (Forest Hills) USA,1,1,1,1,1,1,1,1,1,1
"New York, N. Y.",1,1,1,1,1,1,1,1,1,1
"New York, N.Y.",2,2,2,2,2,2,2,2,2,2
"New York, NY",77,77,77,77,77,77,77,77,77,77
"New York, NY USA",2,2,2,2,2,2,2,2,2,2
"New York, New York",5,5,5,5,5,5,5,5,5,5
"New York, USA",24,24,24,24,24,24,24,24,24,24
"New York, USA Biden/Harris2024",1,1,1,1,1,1,1,1,1,1
"New York,NY",2,2,2,2,2,2,2,2,2,2
New York‚Äî-Davao City.,1,1,1,1,1,1,1,1,1,1
"Newark, NJ",2,2,2,2,2,2,2,2,2,2
"Newport News, VA",1,1,1,1,1,1,1,1,1,1
"Newport News, Virginia",1,1,1,1,1,1,1,1,1,1
Nisenan Land,1,1,1,1,1,1,1,1,1,1
No longer in Parisüòí,1,1,1,1,1,1,1,1,1,1
"Norfolk, VA",1,1,1,1,1,1,1,1,1,1
North America,1,1,1,1,1,1,1,1,1,1
North Atlantic,1,1,1,1,1,1,1,1,1,1
North Carolina,4,4,4,4,4,4,4,4,4,4
"North Carolina, USA",5,5,5,5,5,5,5,5,5,5
North East USA,1,1,1,1,1,1,1,1,1,1
North England South France,1,1,1,1,1,1,1,1,1,1
"North Hollywood, Los Angeles",1,1,1,1,1,1,1,1,1,1
North Kansas City,1,1,1,1,1,1,1,1,1,1
"North Las Vegas, NV",1,1,1,1,1,1,1,1,1,1
"North Logan, UT",1,1,1,1,1,1,1,1,1,1
North Philly,1,1,1,1,1,1,1,1,1,1
"North San Fernando Valley, CA",1,1,1,1,1,1,1,1,1,1
"North Vancouver, BC",1,1,1,1,1,1,1,1,1,1
North by Northwest ,1,1,1,1,1,1,1,1,1,1
NorthWest Amexem,1,1,1,1,1,1,1,1,1,1
Northeast USA,1,1,1,1,1,1,1,1,1,1
Northern California,1,1,1,1,1,1,1,1,1,1
"Northfield, KY",1,1,1,1,1,1,1,1,1,1
"Northridge, Los Angeles",1,1,1,1,1,1,1,1,1,1
Northwest United States,1,1,1,1,1,1,1,1,1,1
Norway,1,1,1,1,1,1,1,1,1,1
Not tRump's America,1,1,1,1,1,1,1,1,1,1
Now,1,1,1,1,1,1,1,1,1,1
Nunya business,2,2,2,2,2,2,2,2,2,2
"Nye County, NV. U.S.A.",1,1,1,1,1,1,1,1,1,1
"O'Fallon, IL",1,1,1,1,1,1,1,1,1,1
OKC,1,1,1,1,1,1,1,1,1,1
"Oak Park, IL",1,1,1,1,1,1,1,1,1,1
Oakland,2,2,2,2,2,2,2,2,2,2
"Occupied KAW, OSAGE, OƒåETI. KC",2,2,2,2,2,2,2,2,2,2
Occupied Mississippi,2,2,2,2,2,2,2,2,2,2
Occupied Piscataway lands,1,1,1,1,1,1,1,1,1,1
"Odessa, TX",1,1,1,1,1,1,1,1,1,1
Office: 601 500 5353,1,1,1,1,1,1,1,1,1,1
Ohio,2,2,2,2,2,2,2,2,2,2
"Ohio, USA",6,6,6,6,6,6,6,6,6,6
Ohlone Land,2,2,2,2,2,2,2,2,2,2
"Oklahoma, USA",1,1,1,1,1,1,1,1,1,1
"Olathe, KS",4,4,4,4,4,4,4,4,4,4
"Olive Branch, MS",2,2,2,2,2,2,2,2,2,2
"Olympia, WA",3,3,3,3,3,3,3,3,3,3
"Omaha, NE",2,2,2,2,2,2,2,2,2,2
On The Loose!,1,1,1,1,1,1,1,1,1,1
On The Road,1,1,1,1,1,1,1,1,1,1
On stage & on your bookshelf.,1,1,1,1,1,1,1,1,1,1
On the road,1,1,1,1,1,1,1,1,1,1
"Onarga Falls, Illinois",1,1,1,1,1,1,1,1,1,1
Once Was America,4,4,4,4,4,4,4,4,4,4
Ontario,2,2,2,2,2,2,2,2,2,2
"Ope, let me just...",1,1,1,1,1,1,1,1,1,1
Opinions Mine,1,1,1,1,1,1,1,1,1,1
"Orange Walk, Belize",2,2,2,2,2,2,2,2,2,2
"Orange, NJ",3,3,3,3,3,3,3,3,3,3
Oregon,3,3,3,3,3,3,3,3,3,3
Oregon coast with my husband ,1,1,1,1,1,1,1,1,1,1
"Oregon, USA",3,3,3,3,3,3,3,3,3,3
"Ore‚ÄôYonder, USA",2,2,2,2,2,2,2,2,2,2
"Orlando, FL",2,2,2,2,2,2,2,2,2,2
Ottawa,1,1,1,1,1,1,1,1,1,1
Our Beautiful World!,1,1,1,1,1,1,1,1,1,1
Over the rainbow,1,1,1,1,1,1,1,1,1,1
Over the river thru the woods,1,1,1,1,1,1,1,1,1,1
"Oxford, MS",7,7,7,7,7,7,7,7,7,7
"Oxford, MS, Washington DC",1,1,1,1,1,1,1,1,1,1
PA,1,1,1,1,1,1,1,1,1,1
PA ‚û°Ô∏è NY ‚û°Ô∏è NoVA ‚û°Ô∏è MS (!),1,1,1,1,1,1,1,1,1,1
PCOLA In Da House,2,2,2,2,2,2,2,2,2,2
PDX and West Coast,1,1,1,1,1,1,1,1,1,1
PG County,1,1,1,1,1,1,1,1,1,1
"PG County‚úàÔ∏èJackson,MS",1,1,1,1,1,1,1,1,1,1
PGH/CT,2,2,2,2,2,2,2,2,2,2
PNW US,1,1,1,1,1,1,1,1,1,1
Pa,2,2,2,2,2,2,2,2,2,2
Pakistan,1,1,1,1,1,1,1,1,1,1
"Pallet Town, Kanto",1,1,1,1,1,1,1,1,1,1
"Palm Springs, CA",1,1,1,1,1,1,1,1,1,1
"Palo Alto, CA",1,1,1,1,1,1,1,1,1,1
Paris,2,2,2,2,2,2,2,2,2,2
Paris France 75007,1,1,1,1,1,1,1,1,1,1
"Paris, France",1,1,1,1,1,1,1,1,1,1
"Parkland, FL",1,1,1,1,1,1,1,1,1,1
"Parsippany,  NJ",1,1,1,1,1,1,1,1,1,1
"Pascagoula, MS",1,1,1,1,1,1,1,1,1,1
"Peabody, MA",1,1,1,1,1,1,1,1,1,1
Peace Street by the Sea,1,1,1,1,1,1,1,1,1,1
Pedro,1,1,1,1,1,1,1,1,1,1
"Peel, Ontario",1,1,1,1,1,1,1,1,1,1
"Penn Wynne, PA",1,1,1,1,1,1,1,1,1,1
Pennsylvania,1,1,1,1,1,1,1,1,1,1
"Pennsylvania, USA",24,24,24,24,24,24,24,24,24,24
"Pensacola, FL",1,1,1,1,1,1,1,1,1,1
Pensacola/Fort Walton Beach,1,1,1,1,1,1,1,1,1,1
"Peshtigo, WI",1,1,1,1,1,1,1,1,1,1
"Petaluma, CA",1,1,1,1,1,1,1,1,1,1
Philadelphia,4,4,4,4,4,4,4,4,4,4
Philadelphia & Chicago,1,1,1,1,1,1,1,1,1,1
"Philadelphia, PA",3,3,3,3,3,3,3,3,3,3
"Philadelphia, Pa",1,1,1,1,1,1,1,1,1,1
"Phoenix, AZ",1,1,1,1,1,1,1,1,1,1
"Pigeon Forge, TN",1,1,1,1,1,1,1,1,1,1
"Pittsburgh Area, Midwest, USA",1,1,1,1,1,1,1,1,1,1
Pittsburgh PA,1,1,1,1,1,1,1,1,1,1
"Pittsburgh, PA",3,3,3,3,3,3,3,3,3,3
"Pittsburgh, Pa.",1,1,1,1,1,1,1,1,1,1
Planet A,1,1,1,1,1,1,1,1,1,1
Planet Dearth,2,2,2,2,2,2,2,2,2,2
Planet Earth,4,4,4,4,4,4,4,4,4,4
"Plano, TX",1,1,1,1,1,1,1,1,1,1
"Plantation, FL",1,1,1,1,1,1,1,1,1,1
"Playa del Rey, Los Angeles",1,1,1,1,1,1,1,1,1,1
"Poplarville, MS",1,1,1,1,1,1,1,1,1,1
"Port Huron, MI",1,1,1,1,1,1,1,1,1,1
Port Town,1,1,1,1,1,1,1,1,1,1
Portland OR,2,2,2,2,2,2,2,2,2,2
"Portland, Maine",1,1,1,1,1,1,1,1,1,1
"Portland, OR",12,12,12,12,12,12,12,12,12,12
"Portland, OR USA",1,1,1,1,1,1,1,1,1,1
"Portland, OR üá∫üá∏",1,1,1,1,1,1,1,1,1,1
"Portland, Oregon",1,1,1,1,1,1,1,1,1,1
"Portland, Oregon USA",1,1,1,1,1,1,1,1,1,1
"Portsmouth, NH",1,1,1,1,1,1,1,1,1,1
"Potsdam, NY",1,1,1,1,1,1,1,1,1,1
"Poughquag, New York",1,1,1,1,1,1,1,1,1,1
"Prairie View, TX",1,1,1,1,1,1,1,1,1,1
"Prentiss, MS",1,1,1,1,1,1,1,1,1,1
"Prescott, AZ",1,1,1,1,1,1,1,1,1,1
"Pretoria, South Africa",2,2,2,2,2,2,2,2,2,2
Providence(ping):DC(pong),1,1,1,1,1,1,1,1,1,1
Ptocowa Springs,1,1,1,1,1,1,1,1,1,1
"Puerto Rico, USA",1,1,1,1,1,1,1,1,1,1
"Punjab, Pakistan",1,1,1,1,1,1,1,1,1,1
Quad Cities,1,1,1,1,1,1,1,1,1,1
Queens,1,1,1,1,1,1,1,1,1,1
"Queens, NY",1,1,1,1,1,1,1,1,1,1
"Queens, NY - Worldwide",3,3,3,3,3,3,3,3,3,3
"Queens,New York",2,2,2,2,2,2,2,2,2,2
RE/MAX Real Estate Partners,1,1,1,1,1,1,1,1,1,1
RT's Are FYI Purposes Only,2,2,2,2,2,2,2,2,2,2
Radio | Online | Mobile App,2,2,2,2,2,2,2,2,2,2
"Raleigh, NC",3,3,3,3,3,3,3,3,3,3
"Raleighwood, NC | DMV is my ‚ù§",1,1,1,1,1,1,1,1,1,1
Raliegh,1,1,1,1,1,1,1,1,1,1
Reading blueprints ,1,1,1,1,1,1,1,1,1,1
"Reading, PA",2,2,2,2,2,2,2,2,2,2
"Redmond, WA",1,1,1,1,1,1,1,1,1,1
"Redmond, WA, USA",3,3,3,3,3,3,3,3,3,3
"Redwood City, CA",1,1,1,1,1,1,1,1,1,1
"Reno, Nevada, USA",1,1,1,1,1,1,1,1,1,1
"Reus, Tarragonna, Spain",1,1,1,1,1,1,1,1,1,1
"Richland, MS",1,1,1,1,1,1,1,1,1,1
Richmond VA,1,1,1,1,1,1,1,1,1,1
"Richmond, VA",5,5,5,5,5,5,5,5,5,5
"Ridgeland, MS",5,5,5,5,5,5,5,5,5,5
Right here.,1,1,1,1,1,1,1,1,1,1
"Roanoke, Virginia",1,1,1,1,1,1,1,1,1,1
"Rochester, NY",2,2,2,2,2,2,2,2,2,2
"Rochester, NY USA",1,1,1,1,1,1,1,1,1,1
"Roots in India, USA, UK-London",1,1,1,1,1,1,1,1,1,1
Rust Belt | Ohio,1,1,1,1,1,1,1,1,1,1
SC,1,1,1,1,1,1,1,1,1,1
SF & Global,4,4,4,4,4,4,4,4,4,4
STL‚ÄîMHK‚ÄîATL,1,1,1,1,1,1,1,1,1,1
SW Desert,2,2,2,2,2,2,2,2,2,2
SW PA,1,1,1,1,1,1,1,1,1,1
SWVA : SEGA ,1,1,1,1,1,1,1,1,1,1
"Sacramento, CA",3,3,3,3,3,3,3,3,3,3
Sagittarius A*,1,1,1,1,1,1,1,1,1,1
"Saint Anthony Village, MN",2,2,2,2,2,2,2,2,2,2
"Salem, OR",1,1,1,1,1,1,1,1,1,1
"Salinas, California",1,1,1,1,1,1,1,1,1,1
Salish Sea,1,1,1,1,1,1,1,1,1,1
"Salt Lake City, UT",1,1,1,1,1,1,1,1,1,1
"Salt Lake City, utah",1,1,1,1,1,1,1,1,1,1
San Antonio ,1,1,1,1,1,1,1,1,1,1
"San Antonio, TX",4,4,4,4,4,4,4,4,4,4
"San Antonio, Texas",1,1,1,1,1,1,1,1,1,1
San Diego,1,1,1,1,1,1,1,1,1,1
San Diego County,2,2,2,2,2,2,2,2,2,2
"San Diego, CA",4,4,4,4,4,4,4,4,4,4
San Francisco,4,4,4,4,4,4,4,4,4,4
San Francisco Bay Area,2,2,2,2,2,2,2,2,2,2
"San Francisco, CA",9,9,9,9,9,9,9,9,9,9
"San Francisco, California",4,4,4,4,4,4,4,4,4,4
San Francisco/L.A.,1,1,1,1,1,1,1,1,1,1
"San Jose, CA",4,4,4,4,4,4,4,4,4,4
"San Jose, California",2,2,2,2,2,2,2,2,2,2
"San Jose, California, USA",2,2,2,2,2,2,2,2,2,2
"San Juan Capistrano, CA",1,1,1,1,1,1,1,1,1,1
"San Juan, P. R.; NJ Shore, USA",1,1,1,1,1,1,1,1,1,1
"San Juan, Puerto Rico",1,1,1,1,1,1,1,1,1,1
"San Rafael, CA & Cleveland, OH",2,2,2,2,2,2,2,2,2,2
"Santa Clara, CA",1,1,1,1,1,1,1,1,1,1
"Santa Fe, NM",2,2,2,2,2,2,2,2,2,2
"Santa Monica, CA",3,3,3,3,3,3,3,3,3,3
"Sarasota, FL",1,1,1,1,1,1,1,1,1,1
"Saugerties, New York",1,1,1,1,1,1,1,1,1,1
Schadenfrued,1,1,1,1,1,1,1,1,1,1
"Schenectady, NY",1,1,1,1,1,1,1,1,1,1
"Scituate, MA",1,1,1,1,1,1,1,1,1,1
"Scotland, United Kingdom",1,1,1,1,1,1,1,1,1,1
"Scotts Valley and Oakland, CA",1,1,1,1,1,1,1,1,1,1
Seattle,4,4,4,4,4,4,4,4,4,4
Seattle Washington,1,1,1,1,1,1,1,1,1,1
"Seattle, Memphis",1,1,1,1,1,1,1,1,1,1
"Seattle, WA",7,7,7,7,7,7,7,7,7,7
"Seattle, Washington",2,2,2,2,2,2,2,2,2,2
Shady Oaks! Mississippi,1,1,1,1,1,1,1,1,1,1
Shanghai,1,1,1,1,1,1,1,1,1,1
She/Her,1,1,1,1,1,1,1,1,1,1
She/her/hers,1,1,1,1,1,1,1,1,1,1
She/her/hers.,1,1,1,1,1,1,1,1,1,1
"Sheboygan, WI",2,2,2,2,2,2,2,2,2,2
Sheffield,1,1,1,1,1,1,1,1,1,1
"Sheridan, WY",1,1,1,1,1,1,1,1,1,1
Si hortum in bibliotheca habes | BLOCKED by Rosie and Cernovich thank God. Latin Translator.,2,2,2,2,2,2,2,2,2,2
"Sierra Vista, AZ",1,1,1,1,1,1,1,1,1,1
Sign Petition Link in Bio,1,1,1,1,1,1,1,1,1,1
Silicon Valley,1,1,1,1,1,1,1,1,1,1
"Silicon Valley, California ‚ú®",1,1,1,1,1,1,1,1,1,1
"Silver Spring, MD",1,1,1,1,1,1,1,1,1,1
"Simi Valley, CA",1,1,1,1,1,1,1,1,1,1
Sirius A,1,1,1,1,1,1,1,1,1,1
"Snake Pit - Washington, DC",1,1,1,1,1,1,1,1,1,1
"Snellville, GA",11,11,11,11,11,11,11,11,11,11
"So Cal, most of the time",1,1,1,1,1,1,1,1,1,1
"So.Nevada, USA",2,2,2,2,2,2,2,2,2,2
SoCal,3,3,3,3,3,3,3,3,3,3
"Somerset, United Kingdom",1,1,1,1,1,1,1,1,1,1
"Somewhere Over Here, I think",1,1,1,1,1,1,1,1,1,1
Somewhere else,2,2,2,2,2,2,2,2,2,2
Somewhere in hell. ,1,1,1,1,1,1,1,1,1,1
Somewhere over the rainbow,1,1,1,1,1,1,1,1,1,1
South,1,1,1,1,1,1,1,1,1,1
South Carolina,3,3,3,3,3,3,3,3,3,3
"South Carolina, USA",1,1,1,1,1,1,1,1,1,1
South Florida,1,1,1,1,1,1,1,1,1,1
"South Florida, USA",1,1,1,1,1,1,1,1,1,1
"South Haven, MI",1,1,1,1,1,1,1,1,1,1
"South Lyon, MI",1,1,1,1,1,1,1,1,1,1
South Mississippi,3,3,3,3,3,3,3,3,3,3
"Southaven, MS",1,1,1,1,1,1,1,1,1,1
"Southaven, MS Desoto County ",1,1,1,1,1,1,1,1,1,1
Southeast of Disorder,1,1,1,1,1,1,1,1,1,1
Southern California,5,5,5,5,5,5,5,5,5,5
Southern Command,2,2,2,2,2,2,2,2,2,2
Southern Gulf Islands,1,1,1,1,1,1,1,1,1,1
Southern United States,2,2,2,2,2,2,2,2,2,2
Southwest Michigan,1,1,1,1,1,1,1,1,1,1
Spirit Limitlessness ü•∞,1,1,1,1,1,1,1,1,1,1
"Spokane, WA",3,3,3,3,3,3,3,3,3,3
"Spokane, Washington",1,1,1,1,1,1,1,1,1,1
"Springhill,Ks.",1,1,1,1,1,1,1,1,1,1
"St John, IN",2,2,2,2,2,2,2,2,2,2
"St Louis, MO",3,3,3,3,3,3,3,3,3,3
"St. Joseph, MO",3,3,3,3,3,3,3,3,3,3
St. Louis City,1,1,1,1,1,1,1,1,1,1
"St. Louis, Missouri",1,1,1,1,1,1,1,1,1,1
"St. Petersburg, FL",1,1,1,1,1,1,1,1,1,1
"Starkville, MS",5,5,5,5,5,5,5,5,5,5
"Starkville, Mississippi",1,1,1,1,1,1,1,1,1,1
"State College, PA",3,3,3,3,3,3,3,3,3,3
"Stockbridge, GA",2,2,2,2,2,2,2,2,2,2
"Stolen 1st Nations Land, AZ",1,1,1,1,1,1,1,1,1,1
"Sun Valley, ID",1,1,1,1,1,1,1,1,1,1
Sydney,1,1,1,1,1,1,1,1,1,1
"Sydney, New South Wales",3,3,3,3,3,3,3,3,3,3
Syracuse,1,1,1,1,1,1,1,1,1,1
S√£o Paulo,1,1,1,1,1,1,1,1,1,1
TAMPA-FLORIDA 33675,2,2,2,2,2,2,2,2,2,2
THE SOUTH,4,4,4,4,4,4,4,4,4,4
TN,1,1,1,1,1,1,1,1,1,1
"TN, USA",1,1,1,1,1,1,1,1,1,1
"Tallahassee, FL",2,2,2,2,2,2,2,2,2,2
"Tally, FL",1,1,1,1,1,1,1,1,1,1
Tampa,2,2,2,2,2,2,2,2,2,2
"Tampa, FL",4,4,4,4,4,4,4,4,4,4
"Tampa,FL",1,1,1,1,1,1,1,1,1,1
"Tempe, AZ",2,2,2,2,2,2,2,2,2,2
Temperate Rainforest ,1,1,1,1,1,1,1,1,1,1
"Temple, TX",1,1,1,1,1,1,1,1,1,1
Tennessee,1,1,1,1,1,1,1,1,1,1
"Tennessee, USA",1,1,1,1,1,1,1,1,1,1
"Terra (bicoastal, ex-expat)",1,1,1,1,1,1,1,1,1,1
Texas,4,4,4,4,4,4,4,4,4,4
"Texas, USA",9,9,9,9,9,9,9,9,9,9
"Texas, somehow.",3,3,3,3,3,3,3,3,3,3
Texas/Florida,1,1,1,1,1,1,1,1,1,1
Text me at 202-217-1107,1,1,1,1,1,1,1,1,1,1
The America's.,5,5,5,5,5,5,5,5,5,5
The Best Place Ever,1,1,1,1,1,1,1,1,1,1
The Caribbean +,1,1,1,1,1,1,1,1,1,1
The Carolinas and the world,1,1,1,1,1,1,1,1,1,1
The DMV,2,2,2,2,2,2,2,2,2,2
The Globe,2,2,2,2,2,2,2,2,2,2
The Happy Place,9,9,9,9,9,9,9,9,9,9
The Left Coast,1,1,1,1,1,1,1,1,1,1
The Lone Star State,1,1,1,1,1,1,1,1,1,1
The Mountains,1,1,1,1,1,1,1,1,1,1
The Multiverse,1,1,1,1,1,1,1,1,1,1
The Old North State,1,1,1,1,1,1,1,1,1,1
The Palmetto State Ya Heard!üå¥,1,1,1,1,1,1,1,1,1,1
The Planet,2,2,2,2,2,2,2,2,2,2
The Reddest State in America,1,1,1,1,1,1,1,1,1,1
The Right Side of History,1,1,1,1,1,1,1,1,1,1
The South ,1,1,1,1,1,1,1,1,1,1
"The South, USA",1,1,1,1,1,1,1,1,1,1
The Twilight Zone,1,1,1,1,1,1,1,1,1,1
The World,1,1,1,1,1,1,1,1,1,1
The baker man's daughter ;),2,2,2,2,2,2,2,2,2,2
The star Œ¥ Sco,1,1,1,1,1,1,1,1,1,1
The trees,1,1,1,1,1,1,1,1,1,1
Timnath Colorado,1,1,1,1,1,1,1,1,1,1
Toronto,1,1,1,1,1,1,1,1,1,1
"Toronto, Canada",2,2,2,2,2,2,2,2,2,2
"Toronto, Ontario",2,2,2,2,2,2,2,2,2,2
Tou,1,1,1,1,1,1,1,1,1,1
Trashed Third Rock fromthe Sun,1,1,1,1,1,1,1,1,1,1
Trumpistan ,1,1,1,1,1,1,1,1,1,1
Trumpsylvania,1,1,1,1,1,1,1,1,1,1
"Trussville, Alabama",1,1,1,1,1,1,1,1,1,1
Truth is OmniPresent!,1,1,1,1,1,1,1,1,1,1
"Tucson, AZ",4,4,4,4,4,4,4,4,4,4
"Tucson, AZ & Portland, Oregon",1,1,1,1,1,1,1,1,1,1
Tuscaloosa,1,1,1,1,1,1,1,1,1,1
Tuscaloosa AL,1,1,1,1,1,1,1,1,1,1
Twin Cities,1,1,1,1,1,1,1,1,1,1
"Tyler, Texas",3,3,3,3,3,3,3,3,3,3
U.S.: Colorado and Texas,1,1,1,1,1,1,1,1,1,1
U.S.A,1,1,1,1,1,1,1,1,1,1
U.S.A.,6,6,6,6,6,6,6,6,6,6
UK,1,1,1,1,1,1,1,1,1,1
US,2,2,2,2,2,2,2,2,2,2
USA,137,137,137,137,137,137,137,137,137,137
USA Canada Mexico Arctic,1,1,1,1,1,1,1,1,1,1
"USA TODAY HQ, McLean, Va.",2,2,2,2,2,2,2,2,2,2
USA and Global,2,2,2,2,2,2,2,2,2,2
USA citizen in Costa Rica,2,2,2,2,2,2,2,2,2,2
USA ŒîŒ£Œò üî∫üêòüî∫#JTribe #JanFam,1,1,1,1,1,1,1,1,1,1
"USA, Haiti",1,1,1,1,1,1,1,1,1,1
USA; presently in MD/DC Metro,1,1,1,1,1,1,1,1,1,1
"Ulanbator, Mongolia",1,1,1,1,1,1,1,1,1,1
Unceded Tongva Land,1,1,1,1,1,1,1,1,1,1
Undisclosed location,1,1,1,1,1,1,1,1,1,1
Unfortunately a Red State,1,1,1,1,1,1,1,1,1,1
United Kingdom,2,2,2,2,2,2,2,2,2,2
United States of America,3,3,3,3,3,3,3,3,3,3
United States of Apartheid,1,1,1,1,1,1,1,1,1,1
"University City, MO",1,1,1,1,1,1,1,1,1,1
University of Houston Go Coogs,2,2,2,2,2,2,2,2,2,2
Unknown,1,1,1,1,1,1,1,1,1,1
"Upstate New York, USA",1,1,1,1,1,1,1,1,1,1
Utah,1,1,1,1,1,1,1,1,1,1
"Uxbridge, MA ",1,1,1,1,1,1,1,1,1,1
"Vacaville, CA",1,1,1,1,1,1,1,1,1,1
"Valencia, California",1,1,1,1,1,1,1,1,1,1
Vancouver,1,1,1,1,1,1,1,1,1,1
Vancouver BC,2,2,2,2,2,2,2,2,2,2
Ventura California,1,1,1,1,1,1,1,1,1,1
"Verde Valley, AZ",1,1,1,1,1,1,1,1,1,1
"Vermillion, SD",1,1,1,1,1,1,1,1,1,1
"Vermont, USA",3,3,3,3,3,3,3,3,3,3
"Vero Beach, FL",1,1,1,1,1,1,1,1,1,1
"Vicksburg, MS",4,4,4,4,4,4,4,4,4,4
"Victoria, Canada",1,1,1,1,1,1,1,1,1,1
Vietnam,2,2,2,2,2,2,2,2,2,2
Virginia,1,1,1,1,1,1,1,1,1,1
Virginia ,1,1,1,1,1,1,1,1,1,1
Virginia Beach ,1,1,1,1,1,1,1,1,1,1
"Virginia Beach, VA",2,2,2,2,2,2,2,2,2,2
"Virginia, USA",8,8,8,8,8,8,8,8,8,8
W. Palm Beach FL/Canada,1,1,1,1,1,1,1,1,1,1
"WBUR, stations nationwide",2,2,2,2,2,2,2,2,2,2
Wakanda. Forever,1,1,1,1,1,1,1,1,1,1
"Waldorf, MD",5,5,5,5,5,5,5,5,5,5
"Walnut Cove, NC",1,1,1,1,1,1,1,1,1,1
Warhammer: Vermintide 2,1,1,1,1,1,1,1,1,1,1
Washington,1,1,1,1,1,1,1,1,1,1
Washington County Mississippi,4,4,4,4,4,4,4,4,4,4
Washington D.C,1,1,1,1,1,1,1,1,1,1
Washington D.C.,2,2,2,2,2,2,2,2,2,2
Washington Metro,1,1,1,1,1,1,1,1,1,1
Washington State,1,1,1,1,1,1,1,1,1,1
Washington state ,1,1,1,1,1,1,1,1,1,1
"Washington, D.C.",17,17,17,17,17,17,17,17,17,17
"Washington, D.C. ",1,1,1,1,1,1,1,1,1,1
"Washington, DC",53,53,53,53,53,53,53,53,53,53
"Washington, DC ",3,3,3,3,3,3,3,3,3,3
"Washington, DC + The World",7,7,7,7,7,7,7,7,7,7
"Washington, DC and Joplin, Mo.",1,1,1,1,1,1,1,1,1,1
"Washington, DC/Baltimore, MD",2,2,2,2,2,2,2,2,2,2
"Washington, DC; New York, NY",1,1,1,1,1,1,1,1,1,1
"Washington, USA",5,5,5,5,5,5,5,5,5,5
We wear masks here,1,1,1,1,1,1,1,1,1,1
Weekdays 11e|10c|p on ABC,2,2,2,2,2,2,2,2,2,2
Wesson MS,1,1,1,1,1,1,1,1,1,1
"West Coast, Canada",3,3,3,3,3,3,3,3,3,3
West Hollywood ca.,1,1,1,1,1,1,1,1,1,1
"West Monroe, La",1,1,1,1,1,1,1,1,1,1
"West Roxbury, Boston",1,1,1,1,1,1,1,1,1,1
"West Side, Chicago",1,1,1,1,1,1,1,1,1,1
"Westbury, NY (516-425-5365)",1,1,1,1,1,1,1,1,1,1
"Wheeling, WV",1,1,1,1,1,1,1,1,1,1
Where Least Expected,1,1,1,1,1,1,1,1,1,1
Where News Happens,1,1,1,1,1,1,1,1,1,1
Wherever,1,1,1,1,1,1,1,1,1,1
Wherever injustice resides.,2,2,2,2,2,2,2,2,2,2
Wherever you are ,1,1,1,1,1,1,1,1,1,1
"Wichita, KS",1,1,1,1,1,1,1,1,1,1
"Wichita, Kansas",1,1,1,1,1,1,1,1,1,1
"Wildwind in Pine Valley, PA",1,1,1,1,1,1,1,1,1,1
"Wilkinsburg, PA",1,1,1,1,1,1,1,1,1,1
"Wilmington, DE",1,1,1,1,1,1,1,1,1,1
"Wilmington,DE",1,1,1,1,1,1,1,1,1,1
"Winooski, Vermont",1,1,1,1,1,1,1,1,1,1
"Winston-Salem, NC",1,1,1,1,1,1,1,1,1,1
"Wisconsin & Minnesota, USA",1,1,1,1,1,1,1,1,1,1
"Wisconsin, USA",9,9,9,9,9,9,9,9,9,9
With a dog,2,2,2,2,2,2,2,2,2,2
Witness Protection,1,1,1,1,1,1,1,1,1,1
Wittenberg University,1,1,1,1,1,1,1,1,1,1
World,1,1,1,1,1,1,1,1,1,1
WorldWide Baby,1,1,1,1,1,1,1,1,1,1
Worldwide,6,6,6,6,6,6,6,6,6,6
Ya Mammy House,1,1,1,1,1,1,1,1,1,1
"York, PA",2,2,2,2,2,2,2,2,2,2
Your mind obviously,1,1,1,1,1,1,1,1,1,1
ZAROZona Aut√≥nomo del Rio Ohio,3,3,3,3,3,3,3,3,3,3
Zurich,1,1,1,1,1,1,1,1,1,1
ahead,1,1,1,1,1,1,1,1,1,1
all over the place,2,2,2,2,2,2,2,2,2,2
and them.,2,2,2,2,2,2,2,2,2,2
"atlanta, georgia",1,1,1,1,1,1,1,1,1,1
"austin, tx",1,1,1,1,1,1,1,1,1,1
between here and there,1,1,1,1,1,1,1,1,1,1
boandsunny,1,1,1,1,1,1,1,1,1,1
bracey.harris@nbcuni.com,2,2,2,2,2,2,2,2,2,2
"brooklyn, md",1,1,1,1,1,1,1,1,1,1
card table down da bayou ayea,1,1,1,1,1,1,1,1,1,1
cyberspace,1,1,1,1,1,1,1,1,1,1
detroit mi,1,1,1,1,1,1,1,1,1,1
earth,1,1,1,1,1,1,1,1,1,1
edge of PA,1,1,1,1,1,1,1,1,1,1
everywhere ,1,1,1,1,1,1,1,1,1,1
global,1,1,1,1,1,1,1,1,1,1
he/him,2,2,2,2,2,2,2,2,2,2
here,1,1,1,1,1,1,1,1,1,1
http://www.lumsvids.com,1,1,1,1,1,1,1,1,1,1
http://www.zyite.com/,2,2,2,2,2,2,2,2,2,2
https://www.ajuede.com/?m=1,1,1,1,1,1,1,1,1,1,1
"iPhone: 32.342918,-90.171165",1,1,1,1,1,1,1,1,1,1
in the Clouds ......,1,1,1,1,1,1,1,1,1,1
jxn to atl,1,1,1,1,1,1,1,1,1,1
jxn|ms,3,3,3,3,3,3,3,3,3,3
kolkata,1,1,1,1,1,1,1,1,1,1
korea,1,1,1,1,1,1,1,1,1,1
"long island, new york",1,1,1,1,1,1,1,1,1,1
los Angeles,1,1,1,1,1,1,1,1,1,1
los angeles,4,4,4,4,4,4,4,4,4,4
lost in the west,1,1,1,1,1,1,1,1,1,1
marissa.r.moss@gmail.com,1,1,1,1,1,1,1,1,1,1
materialist hyperspace,1,1,1,1,1,1,1,1,1,1
med school ü•¥,1,1,1,1,1,1,1,1,1,1
"memphis, tn / lexington, ma",1,1,1,1,1,1,1,1,1,1
mid-atlantic,3,3,3,3,3,3,3,3,3,3
mississippi,1,1,1,1,1,1,1,1,1,1
ms‚úàÔ∏èny,5,5,5,5,5,5,5,5,5,5
my own state of PEACE of mind,2,2,2,2,2,2,2,2,2,2
nashville,2,2,2,2,2,2,2,2,2,2
new york city,1,1,1,1,1,1,1,1,1,1
"new york, ny",1,1,1,1,1,1,1,1,1,1
nj,1,1,1,1,1,1,1,1,1,1
nunya,1,1,1,1,1,1,1,1,1,1
ox + dc,1,1,1,1,1,1,1,1,1,1
oxford ms,1,1,1,1,1,1,1,1,1,1
phuket,1,1,1,1,1,1,1,1,1,1
queens,1,1,1,1,1,1,1,1,1,1
rural red Oregon coast,1,1,1,1,1,1,1,1,1,1
"san diego,ca",2,2,2,2,2,2,2,2,2,2
scotland,1,1,1,1,1,1,1,1,1,1
she/her,4,4,4,4,4,4,4,4,4,4
she/her   23   üè≥Ô∏è‚Äçüåà,1,1,1,1,1,1,1,1,1,1
sin city/co,2,2,2,2,2,2,2,2,2,2
snn nyc atl,1,1,1,1,1,1,1,1,1,1
somewhere cromulent,1,1,1,1,1,1,1,1,1,1
somewhere making a book rec,1,1,1,1,1,1,1,1,1,1
south Mississippi,1,1,1,1,1,1,1,1,1,1
stolen & unceded land,3,3,3,3,3,3,3,3,3,3
the Black Atlantic ,1,1,1,1,1,1,1,1,1,1
the Black and bloody South,1,1,1,1,1,1,1,1,1,1
the Bronze Age Collapse,1,1,1,1,1,1,1,1,1,1
they/he,1,1,1,1,1,1,1,1,1,1
this side of the Milky Way,1,1,1,1,1,1,1,1,1,1
ukn,1,1,1,1,1,1,1,1,1,1
usually New England,1,1,1,1,1,1,1,1,1,1
vargas,1,1,1,1,1,1,1,1,1,1
virginia,1,1,1,1,1,1,1,1,1,1
wdc - usa,1,1,1,1,1,1,1,1,1,1
with Carmen Sandiego,1,1,1,1,1,1,1,1,1,1
worldwide,3,3,3,3,3,3,3,3,3,3
www.zyite.com,1,1,1,1,1,1,1,1,1,1
xoxo_otramitad,3,3,3,3,3,3,3,3,3,3
you decide..,1,1,1,1,1,1,1,1,1,1
"√úT: 10.500872,-66.90358",1,1,1,1,1,1,1,1,1,1
"√úT: 29.7976369,-95.3093669",2,2,2,2,2,2,2,2,2,2
"√úT: 32.9254,-96.813708",1,1,1,1,1,1,1,1,1,1
"√úT: 35.990198,-78.82037",1,1,1,1,1,1,1,1,1,1
"–ü—É—Ç–∏–Ω, –∑–∞–±–µ—Ä–∏ –¥–æ–º–æ–π –¥—É—Ä–∞–∫–∞!",1,1,1,1,1,1,1,1,1,1
·∂†·µí·µò ≥·µó ∞  ≥·µí·∂ú·µè ·∂† ≥·µí·µê ·µó ∞·µâ À¢·µò‚Åø,4,4,4,4,4,4,4,4,4,4
‚ô´ Mississippi Delta,1,1,1,1,1,1,1,1,1,1
"‚ú∂‚ú∂‚ú∂‚ú∂, il",1,1,1,1,1,1,1,1,1,1
"‚ù§Ô∏è @TheRealDonEast‚ù§Ô∏è/Hiram, GA",1,1,1,1,1,1,1,1,1,1
‚¨Ü‚¨Ü‚¨á‚¨á‚¨Ö‚û°‚¨Ö‚û°NC,1,1,1,1,1,1,1,1,1,1
ÊÑõÁü• ÂêçÂè§Â±ãÂ∏Ç ÂÆàÂ±±Âå∫,1,1,1,1,1,1,1,1,1,1
Êó•Êú¨ Èñ¢Êù±Âú∞Êñπ,2,2,2,2,2,2,2,2,2,2
ÓÄΩMira's World ÓÄù,1,1,1,1,1,1,1,1,1,1
ùïóùïíùïùùï§ùïñ,1,1,1,1,1,1,1,1,1,1
üá∫üá∏,1,1,1,1,1,1,1,1,1,1
üåé Consultant,2,2,2,2,2,2,2,2,2,2
"üç∑üçáCountry,New York State",1,1,1,1,1,1,1,1,1,1
"üé¨IF u RE , can d anything‚òÑÔ∏èüí®üí´",1,1,1,1,1,1,1,1,1,1
üì∫ 10PM ET on MSNBC,1,1,1,1,1,1,1,1,1,1
üì∫ 6:30pm ET,3,3,3,3,3,3,3,3,3,3
